{"minzoom":0,"maxzoom":9,"center":[73.476563,40.713423,9.0],"bounds":[69.265999,39.179001,80.292999,43.264999]}