{"minzoom":0,"maxzoom":8,"center":[73.828125,40.444817,8.0],"bounds":[69.265999,39.179001,80.292999,43.264999]}